nom,Description,secteur_activite,email,Téléphone,Site web,source_sheet
pracom,"Centre de jour et de soir en santé mentale. Activités sociales, sportives et culturelles. Développement de l'autonomie, développement des habiletés sociales. Programme d'aide et d'intégration sociale ...",Santé / Soutien aux personnes vulnérables,info@pracom.ca,514 527-6766,www.pracom.ca,Montréal
premier arrêt - ymca centre-ville,"Service assuré par l'équipe d'intervention de première ligne de Dialogue. Programme d'aide à l'itinérance, avec des travailleur·euse·s de rue qualifié·e·s en accompagnement et soutien des personnes vu...",Soutien aux personnes vulnérables,premier.arret@ymcaquebec.org,514 849-8062 poste 21775,www.ymcaquebec.org/fr/programmes-communautaires/prevention-de-l-exclusion/ymca-aide-a-l-itinerance-premier-arret,Montréal
prise ii,Ressource alternative en santé mentale. Programme thérapeutique. Espace Jeunes destiné au 16 à 35 ans. Soutien et accompagnement aux études collégiales et universitaires. Démarche vers l'emploi et le ...,Santé / Soutien aux personnes vulnérables,info@prise2sm.ca,514 858-0111,prise2sm.org,Montréal
projet intégration montréal,Formation rémunérée en entreprise d'insertion. Formation complémentaire en francisation disponible. Possibilité d'entrée progressive avec ateliers préparatoires.,Emploi / Éducation et formation,integration2@collectif.qc.ca,514 270-4905 poste 230,collectif.qc.ca,Montréal
projet logement montréal,"Consortium d'organismes de lutte à l'itinérance composé de la Maison du Père, de la Mission Bon Accueil, de la Mission Old Brewery et de l'Accueil Bonneau. Services d'un·e agent·e de logement: accompa...",Logement / Soutien aux personnes vulnérables,info@projetlogementmontreal.org,514 845-0168 poste 307,www.projetlogementmontreal.org,Montréal
projets autochtones du québec,Intervention de crise. Repas chauds. Programme Nouveau Départ: soutien holistique aux autochtones nouvellement arrivés en ville. Refuges d'urgence: un étage pour les femmes et un pour les hommes. Cham...,Soutien aux personnes vulnérables / Bien Etre Alimentaire,info@paqc.org,514 879-3310,paqc.org,Montréal
projets autochtones du québec - clinique de proximité,"Clinique de proximité en santé autochtone de Projets Autochtones du Québec, en collaboration avcc Médecins du Monde. Prescription et soutien pour la prise de médicaments. Soins des plaies et traiteme",Santé / Soutien aux personnes vulnérables,myriam.kaszap@medecinsdumonde.ca,438-867-5214,paqc.org,Montréal
projets autochtones du québec - logements de transition,Logements de transition pour une période de 3 mois à 3 ans. Programme d'intervention personnalisé. Soutien à l'obtention de l'aide sociale. Programme de compétences de vie et de confiance en soi. C,Soutien aux personnes vulnérables / Logement,jade.touchefeu@paqc.org,514 879-3310,www.paqc.org/fr/programme-transition,Montréal
projets autochtones du québec - logements permanents,"Centre d'hébergement permanent subventionné pour personnes autochtones. Séjour dans une chambre, d'une durée indéfinie, selon les besoins de la personne. Soutien psychosocial par une équipe d'interven",Logement / Soutien aux personnes vulnérables,coordo.logements.intervention@paqc.org,514 879-3310,www.paqc.org/fr/accueil,Montréal
projets autochtones du québec - maison annagiarvik,"Logements de transition sobres pour les populations autochtones. Séjour pouvant aller jusqu'à 5 ans. Espaces communs: cuisine, salles d'intervention, buanderie. Intervenant·e·s sur place.",Soutien aux personnes vulnérables / Logement,thomas.addison@paqc.org,514 284-0117,paqc.org,Montréal
projets autochtones du québec - refuge d'urgence 1,Refuge d'urgence à haut seuil et à sobriété exigée. Un étage réservé aux femmes et un autre aux hommes. Services de soutien psychosocial adaptés aux besoins individuels. Soutien 24/7 offert par une éq...,Soutien aux personnes vulnérables / Logement,sheltercaseworker@paqc.org,514 879-3310,www.paqc.org/fr/refuge,Montréal
projets autochtones du québec - refuge d'urgence 2,Refuge d'urgence à seuil d'exigence adapté. Un étage réservé aux femmes et un autre aux hommes. Services de soutien psychosocial adaptés aux besoins individuels. Soutien 24/7 offert par une équipe d'i...,Soutien aux personnes vulnérables / Logement,sheltercoordinatorPAQ2.Intervention2@paqc.org,514 879-3310,www.paqc.org/fr/refuge,Montréal
prolongement à la famille de montréal (un),"Éducation communautaire. Halte-répit de jour: arts plastiques, ateliers d'échanges et de discussions, exercices physiques, etc. Intégration aux loisirs communautaires et sorties culturelles. Activités...",Santé / Développement communautaire,info@upfm.ca,514 504-7989,www.upfm.ca,Montréal
prévention côte-des-neiges-notre-dame-de-grâce - halte-chaleur,"Halte-chaleur. Refuge de nuit. Café, repas chauds, buanderie, douches. Lieu de rassemblement, de discussion, de repos et de répit. Références et appui dans les démarches.",Soutien aux personnes vulnérables / Bien Etre Alimentaire,halte-chaleur@preventioncdnndg.org,514 664-2152,www.preventioncdnndg.org,Montréal
racine croisée,Banque alimentaire. Activités d'intégration culturelle et socioprofessionnelle pour personnes des minorités ethnoculturelles. Information et accompagnement à l'établissement de personnes nouvellement ...,Bien Etre Alimentaire / Autres missions sociales,info@racinecroisee.ca,514 225-3448,bienfaisance.racinecroisee.ca,Montréal
refuge mitshuap montréal,Refuge par et pour personnes autochtones. Hébergement d'urgence. Chaises de repos. Repas. Présence d'une équipe d'intervention.,Soutien aux personnes vulnérables / Logement,mitshuapmontreal@gmail.com,438 466-2325,,Montréal
refuge pour les femmes de l'ouest de l'île,Maison d'hébergement pour femmes et enfants victimes de violence conjugale. Accueil et suivi posthébergement. Écoute téléphonique. Consultation externe. Accompagnement dans les démarches juridiques et...,Soutien aux personnes vulnérables / Défense des droits,info@rfoi.org,514 620-4845 poste 221,rfoi.org,Montréal
regroupement des aidantes et aidants naturels de montréal,"Accueil, écoute active, accompagnement et référence. Activités de sensibilisation et de promotion. Conférences concernant les différentes réalités des personnes proches aidantes. Groupes d'entrai",Santé / Soutien aux personnes vulnérables,info@raanm.net,514 374-1056,www.raanm.net,Montréal
regroupement des usagers du transport adapté et accessible de l'île de montréal,Promotion et défense des droits des usager·ère·s des transports collectifs ayant des limitations fonctionnelles. Information et sensibilisation. Accompagnement et suivi indi,Défense des droits,info@rutamtl.com,514 255-0765,rutamtl.com,Montréal
regroupement partage,"Regroupement et soutien des concertations locales qui organisent l'Opération Sac à dos. Sensibilisation de la population sur les enjeux liés à la pauvreté, à l'insécurité alimentaire et à leurs impact...",Développement communautaire / Bien Etre Alimentaire,info@regroupementpartage.org,514 383-2460,regroupementpartage.ca,Montréal
relais des jeunes familles (le) - hébergement 8573-8583,"Appartements supervisés pour jeunes parents. Séjour de trois ans. Soutien à l'acquisition de l'autonomie. Insertion sociale, scolaire et professionnelle.",Développement enfants et familles / Logement,intervenants@relaisdesjeunesfamilles.org,514 326-0784,,Montréal
ressources communautaires omega,"Appartements supervisés: 3 ½, meublés. Foyer de groupe: chambre individuelle. Centre de jour. Activités de groupe éducatives, récréatives et thérapeutiques. Programme PAAS Action: socialisation et emp...",Santé / Soutien aux personnes vulnérables,info@omegacenter.org,514 631-2760,omegacenter.org,Montréal
ressources jeunesse de saint-laurent - appartements supervisés,Appartements supervisés pour jeunes adultes en difficulté. Suivi psychosocial offrant un hébergement pouvant aller jusqu'à 3 ans. Paniers de Noël pour les résidents.,Soutien aux personnes vulnérables / Logement,coordo.admin@rjsl.ca,514 748-0202 poste 225,www.rjsl.ca,Montréal
resto plateau,Restaurant communautaire offrant des repas à prix modique. Comptoir de repas à emporter. Service de traiteur. Formation et insertion socioprofessionnelle dans le domaine de la cuisine. Programme finan...,Bien Etre Alimentaire / Emploi,info@restoplateau.com,514 527-5997,restoplateau.com,Montréal
revdec,"Accompagnement scolaire. Activités éducatives, culturelles et sportives. Suivi psychosocial individualisé. Soutien personnalisé pour l'orientation scolaire.",Éducation et formation / Développement enfants et familles,admin@revdec.org,514 259-0634,www.revdec.org,Montréal
rond-point,"Service d'aide aux familles consommant des substances psychoactives. Suivi de santé, psychosocial et éducatif. Suivi de grossesse. Suivi nutritionnel prénatal. Suivi du développement des enfants de 0 ...",Santé / Développement enfants et familles,rondpoint@pediatriesociale-cs.org,438 386-4050,pediatriesociale-cs.org/cpsc-centre-sud/nos-services/programme-rond-point,Montréal
réchaud-bus,Distribution de nourriture et de collations dans les écoles primaires et dans les maisons des jeunes.,Bien Etre Alimentaire / Développement enfants et familles,rechaud.bus@stm.info,514 280-3246,www.rechaudbus.org,Montréal
répit une heure pour moi,Répit à domicile. Répit en accompagnement. Suivi individualisé. Groupe de soutien pour parents. Répits virtuels. Groupes d'activités.,Santé / Développement enfants et familles,info@uneheurepourmoi.com,514 640-6030,www.uneheurepourmoi.com,Montréal
réseau alternatif et communautaire des organismes en santé mentale de l'île de montréal,"Regroupement et représentation des organismes en santé mentale. Formations en santé mentale. Liste et carte des organismes membres: information sur les services, act",Santé / Défense des droits,racor@racorsm.org,514 847-0787,racorsm.org,Montréal
réseau d'action des femmes en santé et services sociaux,"Regroupement régional de groupes de femmes. Appui, information et action.",Défense des droits / Santé,reseau@rafsss.org,514 436-2047,www.rafsss.org,Montréal
réseau d'aide aux personnes seules et itinérantes de montréal,Regroupement d'organismes oeuvrant auprès des personnes en situation d'itinérance ou à risque de l'être. Défense collective des droits. Travail en concertation avec les partenaires du milieu,Soutien aux personnes vulnérables / Défense des droits,info@rapsim.org,,rapsim.org,Montréal
réseau d'autodéfense féministe,"Espace dédié à l'autodéfense féministe par et pour les communautés queers et féministes. Cours d'autodéfense: programme de 12 heures. Activités culturelles: projections, cercles de lecture. Événements...",Défense des droits / Soutien aux personnes vulnérables,reseau_autodefense_feministe@riseup.net,,www.inclusionsport.org/reseau-autodefense-feministe,Montréal
résonance montréal,"Établissement d'enseignement où les enfants qui présentent une déficience auditive apprennent en écoutant et en parlant. Intervention précoce pour les 0 à 3 ans: orientation parentale, stimulation du ...",Santé / Développement enfants et familles,info@resonancemontreal.ca,514 488-4946,resonancemontreal.ca/fr,Montréal
"rézo - santé et mieux-être des hommes gais et bisexuels, cis et trans",Écoute et référence. Suivi individuel. Prévention du VIH/sida et des infections transmises sexuellement. Distribution de matériel de prévention sexuelle et de consommation. Promotion,Santé / Soutien aux personnes vulnérables,info@rezosante.org,514 521-7778 poste 100,www.rezosante.org,Montréal
rêvanous,Ateliers préparatoires à l'autonomie résidentielle. Logement avec soutien individuel et suivi à l'autonomie. Loisirs adaptés. Soutien communautaire. Centre de jour Rêv'avenir.,Santé / Logement,directiongenerale@revanous.org,514 528-8833,www.revanous.org,Montréal
sac à dos - action-réinsertion (le),Lieu d'accueil ouvert et inclusif qui vient en aide aux personnes en situation d'itinérance ou à risque de le devenir. Entreposage: casier d'entreposage et tiroir sécurisé pour effets personnels. Serv...,Soutien aux personnes vulnérables / Emploi,info@lesacados.org,514 393-8868,lesacados.org,Montréal
santropol roulant,"Popote roulante: livraison de repas nutritifs. Soupe populaire pendant la période estivale et l'automne. Collectif SantroVélo: récupération de vélo, ateliers de mise au point de vélo. Autres activités...",Bien Etre Alimentaire / Développement communautaire,info@santropolroulant.org,514 284-9335,santropolroulant.org,Montréal
"service d'interprète, d'aide et de référence aux immigrants - clinique d'impôts","Clinique d'impôts sans rendez-vous, à l'année.",Autres missions sociales / Éducation et formation,info@siari.org,514 738-4763,www.siari.org,Montréal
service d'orientation et de recherche d'emploi pour l'intégration des femmes au travail,"Démarche de 15 semaines à temps plein en groupe permettant de connaître les formations et le marché du travail, développer la confiance en soi, concilier famille, tr",Emploi / Soutien aux personnes vulnérables,info@sorif.org,514 271-3866,sorif.org,Montréal
services de placement horizon-travail,Services externes de main-d'oeuvre. Aide à l'emploi pour personnes vivant avec une déficience visuelle ou des problèmes de santé mentale. Encadrement et soutien dans les démarches de recherche d'emplo...,Emploi / Santé,info@horizon-travail.org,514 933-1141,horizon-travail.org,Montréal
sidalys - habitations jean-pierre valiquette (les),Logements sociaux avec encadrement ponctuel. Durée illimitée. Rencontres collectives et animation de la vie communautaire. Aide dans la gestion de conflits.,Logement / Santé,hjpv@sidalys.org,514 842-4439,sidalys.org,Montréal
société alzheimer de montréal,Consultations gratuites et confidentielles. Groupes d'information et de soutien pour personnes vivant avec l'Alzheimer et pour personnes proches aidantes. Groupes de soutien mensuels pour personnes vi...,Santé / Soutien aux personnes vulnérables,info@alzheimermontreal.ca,514 369-0800,alzheimermontreal.ca,Montréal
société canadienne de la sclérose en plaques - section montréal,Informations relatives aux différents aspects de la maladie. Éducation et information pour les professionnel·le·s de la santé et les bénévoles. Orientation vers les services pouvant amélio,Santé / Soutien aux personnes vulnérables,info.montreal@scleroseenplaques.ca,514 225-9575,spcanada.ca/sp-canada-montréal,Montréal
société de développement social,Intermédiaire entre le monde des affaires et le milieu communautaire afin d'aider les entreprises et les institutions à réaliser leur engagement social lors de projets reliés à l'itinérance et l'exclu...,Développement communautaire / Soutien aux personnes vulnérables,info@courtier.social,514 312-7344,sds.social,Montréal
société de soins palliatifs à domicile du grand montréal,Suivi clinique assuré par des infirmières spécialisées. Contrôle des douleurs. Soins infirmiers. Accompagnement bénévole de la personne malade et des membres de sa famille. Soins hygiéniques de la,Santé / Soutien aux personnes vulnérables,info@sspad.ca,514 272-7200,www.societedesoinspalliatifs.com,Montréal
société saint-vincent de paul - santa-cruz,Distribution de bons d'achat de nourriture. Paniers de Noël et de Pâques.,Bien Etre Alimentaire / Soutien aux personnes vulnérables,missionsantacruz@hotmail.com,514 844-1011,,Montréal
sortie (la),Aide et accompagnement pour victimes d'exploitation sexuelle. Soutien dans le milieu pour femmes souhaitant quitter l'industrie du sexe. Intervention de milieu auprès des travailleuses du sexe. Refuge...,Soutien aux personnes vulnérables,info@lasortie.org,514 923-7255,lasortie.org,Montréal
sous le toit de p.a.l.,Hébergement permanent avec soutien communautaire pour personnes vivant avec des problèmes de santé mentale. Approche alternative d'intervention visant à augmenter l'autonomie.,Santé / Logement,sltdepal@gmail.com,514 508-1873,www.projetpal.com/fr,Montréal
soutien nisa,Vise à faciliter l'atteinte du bien-être chez les femmes. Groupes de discussion pour femmes vivant des situations similaires afin de partager leur expérience. Ateliers avec des professionnel·le·s issu...,Soutien aux personnes vulnérables / Santé,info@nisasupport.com,,www.nisasupport.com,Montréal
"stella, l'amie de maimie",Soutien pour les travailleuses du sexe. Information et référence. Ligne d'écoute. Accompagnement. Travail de rue. Travail auprès des femmes incarcérées. Distribution de seringues et de condoms. Liste ...,Soutien aux personnes vulnérables / Santé,info@chezstella.org,514 285-1599,chezstella.org,Montréal
survivors of incest anonymous,"Groupe d'entraide guidé par un ensemble de 12 étapes et 12 traditions, adapté des AA, avec une prière de sérénité. Discussions de groupe et réunions d'étape confidentielles. Copie des 12 Steps &amp 12...",Soutien aux personnes vulnérables / Santé,sia@innocent.com,1 877 742-9761,siawso.org,Montréal
table des groupes de femmes de montréal,Concertation et formation pour groupes de femmes. Promotion et défense des droits et revendications des femmes.,Défense des droits,info@tgfm.org,514 381-3288,www.tgfm.org/fr,Montréal
table des organismes communautaires montréalais de lutte contre le sida,"Regroupement d'organismes communautaires travaillant en prévention du VIH et autres ITSS, en promotion de la santé et du mieux-être, en hébergement et en soutien aux personnes vivan",Santé / Soutien aux personnes vulnérables,coordo@toms-mtl.org,438 521-8609,toms-mtl.org,Montréal
toît en ville (un) - phase 1,Logements sociaux subventionnés avec soutien communautaire. Activités. Souper communautaire une fois par mois.,Logement / Développement communautaire,info@fohm.org,514 527-6668,,Montréal
trajet inc. - service de médiation et d'accompagnement à la résolution de conflits,"Service de médiation et d'accompagnement à la résolution de conflits. Problèmes liés au bruit. Problèmes liés la propriété (clôture, haies, neige, rénovation) pour les l",Défense des droits,info@trajetoja.org,514 521-2000 poste 245,trajetoja.org,Montréal
triade hct (la),"Organisme d'insertion professionnelle pour les personnes vivant avec un handicap et les personnes immigrantes. Service de pré-employabilité. Aide à la recherche, à l'intégration et au maintien en empl...",Emploi / Soutien aux personnes vulnérables,info@latriade.ca,514 368-3640 poste 224,latriade.ca,Montréal
vers l'équilibre,Accueil et référence. Développement personnel et relationnel en groupe.,Santé / Soutien aux personnes vulnérables,accueil@verslequilibre.ca,514 251-1200,www.verslequilibre.ca,Montréal
villa exprès pour toi,Logements sociaux avec activités communautaires. Activités sociocommunautaires. Aide alimentaire pour personnes résidentes. Paniers de Noël pour personnes résidentes.,Logement / Bien Etre Alimentaire,ca.vept.4655@gmail.com,,,Montréal
y des femmes de montréal - services communautaires et action bénévole,"Accueil, écoute et référence. Services pour les nouvelles arrivantes: aide à l'intégration. Programmation d'activités communautaires. Clinique d'impôts. Opportunités de bénévolat au",Développement communautaire / Autres missions sociales,benevolat@ydesfemmesmtl.org,514 866-9941 poste 235,www.ydesfemmesmtl.org,Montréal
y des femmes de montréal - services d'employabilité,"Aide à la recherche d'emploi, suivi individuel, ateliers de groupe. Orientation. Femmes vers l'emploi: programme de 19 semaines pour aider les femmes à retourner sur le marché du travail. Fringues &am",Emploi / Soutien aux personnes vulnérables,infoose@ydesfemmesmtl.org,514 866-9941 poste 416,www.ydesfemmesmtl.org,Montréal
y des femmes de montréal - soutien aux proches aidantes,"Information, référence et soutien. Consultation individuelle et familiale. Groupe de soutien. Information juridique. Ateliers thérapeutiques. Activités sociales et de détente: yoga, méditation. Co",Santé / Soutien aux personnes vulnérables,prochesaidantes@ydesfemmesmtl.org,514 866-9941 poste 226,www.ydesfemmesmtl.org/services-la-collectivite/soutien-proches-aidantes,Montréal
ymca centre-ville - programme de travaux compensatoires,Programme offrant aux citoyen·ne·s qui ne sont pas en mesure de payer leurs amendes la possibilité d'effectuer différents travaux pour rembourser leurs dettes. Facilitation de l'intégration au sein,Défense des droits / Développement communautaire,travaux.compensatoires@ymcaquebec.org,514 849-8062 poste 21729,www.ymcaquebec.org/fr/programmes-communautaires/travaux-compensatoires,Montréal
ymca centre-ville - service de réinsertion sociale espadrille,"Soutien et accompagnement. Ateliers sur demande: compétences parentales, toxicomanie, santé émotionnelle, système judiciaire et correctionnel, endettement. Accompagnement vers des ressources",Soutien aux personnes vulnérables / Santé,cjle@ymcaquebec.org,514 849-8393 poste 1725,www.ymcaquebec.org/fr/Programmes-communautaires/Prevention-de-l-exclusion/Service-de-reinsertion-sociale-Espadrille,Montréal
ymca du québec (les) - centre desjardins - service de supervision des droits d'accès,Supervision des droits d'accès. Visites supervisées d'une durée maximale de 2 heures. Échange de garde. Appels supervisés.,Développement enfants et familles / Soutien aux personnes vulnérables,centredesjardins@ymcaquebec.org,514 252-7442,www.ymcaquebec.org,Montréal
ymca libère ta tête,Programme de 7 semaines conçu pour aider à gérer le stress et l'anxiété. Réunions de groupe hebdomadaires animées par des professionnel·le·s de la santé mentale.,Santé / Développement enfants et familles,roberto.mormina@ymcaquebec.org,438 937-5456,www.ymcaquebec.org/fr/YMCAliberetatete,Montréal
écho des femmes de la petite patrie (l'),"Accueil, écoute et référence. Soutien téléphonique et sur place. Ateliers. Soupe du mois. Centre de documentation. Chorale. Comités d'implication et de bénévolat. Les Dames de coeur: groupe d'interven...",Soutien aux personnes vulnérables / Développement communautaire,echo@echodesfemmesdelapetitepatrie.org,514 277-7445,echodesfemmesdelapetitepatrie.org,Montréal
école du milieu lasalle,Formation académique de niveau secondaire adaptée aux jeunes décrocheur·euse·s. Cours de français et de mathématiques. Ateliers de développement personnel. Accompagnement individualisé. Conseils en em...,Éducation et formation / Soutien aux personnes vulnérables,travail@destinationtravail.org,514 368-1832,destinationtravail.org,Montréal
école entreprise formétal (l'),"Entreprise d'insertion sociale et professionnelle. Formations techniques de 6 mois. Domaines de formation: transformation du métal en feuille, soudage, peinture, travail général d'usine.",Emploi / Éducation et formation,reception@formetal.qc.ca,514 939-2510,formetal.qc.ca,Montréal
école félix-antoine,"École secondaire pour adultes. Enseignement des cours nécessaires à l'obtention d'un diplôme d'étude secondaire. Services spécialisés et adaptés assurés par personnes bénévoles: enseignant·e·s, orthop...",Éducation et formation,ecolefelixantoine@gmail.com,514 385-1219,www.ecolefelixantoine.qc.ca,Montréal
école multiethnique de langues et de cultures du québec,Programme MIFI: cours de français à temps partiel.,Éducation et formation / Autres missions sociales,emulcq@gmail.com,514 484-8899,coursdefrancais.ca,Montréal
équijustice montréal - médiation citoyenne,"Médiation: accompagnement en cas de conflit de voisinage, de conflit interpersonnel, conflits entre un·e ou plusieurs citoyen·ne·s et organismes privés ou publics, conflits en milieu de travail. Proje...",Défense des droits / Développement communautaire,mediationmontreal@equijustice.ca,514 630-9864 poste 5215,equijustice.ca,Montréal
étoffe du succès montréal (l'),Soutien à l'intégration en emploi pour femmes. Programme prêt-à-porter: choix et dons de tenues professionnelles et préparation aux entrevues. Réseau femmes action: réseautage et conférences. Récupéra...,Emploi / Soutien aux personnes vulnérables,info@dressforsuccessmontreal.org,514 282-1222,dfsmontreal.org/fr,Montréal
211 grand montréal,Guichet d'info-référence sociocommunautaire. Service téléphonique et de clavardage pour guider les personnes citoyennes vers les ressources sociocommunautaires et publiques pouvant répondre à leurs be...,Développement communautaire / Soutien aux personnes vulnérables,211@211qc.ca,211,211qc.ca,Grand Montréal
abri en ville (l'),Logement stable. Soutien à l'amélioration des aptitudes à la vie quotidienne. Activités sociales et loisirs. Suivi hebdomadaire ou sur demande.,Logement / Santé,info@labrienville.org,514 932-2199,www.labrienville.org,Grand Montréal
abriter - programme d'hébergement d'options,"Hébergement temporaire pour jeunes femmes enceintes et jeunes mères en situation précaire. Maison de transition: séjour à court et moyen terme (1 mois à 1 an), séjour à long terme (1 à 2 ans) Programm...",Soutien aux personnes vulnérables / Développement enfants et familles,abriter@jslmontreal.org,450 699-4357,www.abriter.org,Grand Montréal
accès cible (santé mentale travail),"Aide en employabilité et intégration au marché du travail. Ateliers de connaissance de soi, stage en entreprise, méthodes et recherche d'emploi. Mise à jour professionnelle en bureautique. Réadaptatio...",Emploi / Santé,info@acces-cible-smt.qc.ca,514 525-8888,www.acces-cible.org,Grand Montréal
action centre-ville,"Information. Ateliers, loisirs, cours et sorties. Repas communautaires. Livraison de repas à domicile. Soins des pieds. Intervention de milieu: initiative de travail de milieu auprès des aînés en situ...",Santé / Bien Etre Alimentaire,info@acv-montreal.com,514 878-0847,acv-montreal.com,Grand Montréal
action pour la communauté-est - clinique d'impôts,Clinique d'impôts ouverte toute l'année sur rendez-vous. Service à domicile pour personnes à mobilité restreinte. Déclaration d'impôts pour l'année courante et jusqu'à 11 années précédentes.,Soutien aux personnes vulnérables / Autres missions sociales,impot.apc.est@proton.me,514 400-1283,,Grand Montréal
action réfugiés montréal,"Accueil, accompagnement, sensibilisation et défense des droits des personnes réfugiées et demandeuses d'asile. Information et soutien. Parrainage: mise en contact de personnes réfugiées avec des group...",Autres missions sociales / Défense des droits,info@actionr.org,514 935-7799,actionr.org/fr,Grand Montréal
afrique au féminin,"Amélioration des conditions de vie des femmes immigrantes. Accueil, information, référence et écoute. Halte-garderie pour les enfants de 2 à 5 ans. Intervention psychosociale. Ateliers de conversation...",Soutien aux personnes vulnérables / Développement enfants et familles,info@afriqueaufeminin.org,514 272-3274,www.afriqueaufeminin.org,Grand Montréal
agir en amont,"Hébergement supervisé pour jeunes adultes s'identifiant au genre masculin, en situation de vulnérabilité et à risque d'itinérance. Durée maximale de 3 ans. Soutien communautaire adapté à la réalité pe...",Soutien aux personnes vulnérables / Logement,tournant@aubergeletournant.org,514 523-2157,www.aubergeletournant.org/projet-agir-en-amont,Grand Montréal
albatros-montréal,Accompagnement bénévole des personnes en soins palliatifs ou en fin de vie. Soutien aux proches. Formation des accompagnateur·rice·s. Conférences.,Santé / Soutien aux personnes vulnérables,info@albatros-mtl.ca,514 255-5530,www.albatros-mtl.ca,Grand Montréal
"alima, centre de nutrition sociale périnatale","Programme de nutrition sociale périnatale pour femmes enceintes en situation de vulnérabilité. Suivi avec une nutritionniste. Coupons Olo pour le lait, les oeufs, les légumes, le pain, le tofu et les ...",Développement enfants et familles / Bien Etre Alimentaire,info@centrealima.ca,514 937-5375,centrealima.ca/fr/besoin-de-soutien,Grand Montréal
alzheimer groupe,Sensibilisation sur la maladie d'Alzheimer et soutien aux personnes atteintes ainsi qu'à leurs proches. Consultation individuelle et familiale. Centre d'activités: activités de socialisation et de sti...,Santé / Soutien aux personnes vulnérables,info@agiteam.org,514 485-7233,www.agiteam.org/fr,Grand Montréal
amal-centre pour femmes,"Centre promouvant le bien-être des femmes aux plans individuel et familial. Soutien psychosocial pour les victimes de violence conjugale, de conflits familiaux ou matrimoniaux. Consultation individuel...",Soutien aux personnes vulnérables / Développement enfants et familles,info@amalwomencenter.ca,514 855-0330 poste 1,www.amalwomencenter.ca,Grand Montréal
amalgame montréal,Organisme à gestion participative. Activité de jour reproduisant le marché du travail en offrant un service d'emballage et d'assemblage manuel. Formation sur mesure selon les besoins des membres.,Emploi / Santé,contact@amalgamemontreal.com,514 362-9551,amalgamemontreal.com/?page_id=212&lang=en,Grand Montréal
amis de simon (les),Groupe de soutien pour parents vivant le deuil d'un enfant. Rencontre mensuelle.,Santé / Soutien aux personnes vulnérables,lesamisdesimon1@gmail.com,514 632-8485,www.lesamisdesimon.com,Grand Montréal
annexe (l'),"Récupération et vente de vêtements, accessoires, vaisselles, meubles et objets variés de seconde-main à petits prix. Espace de formation socioprofessionnelle aux adultes vivant avec des déficiences in...",Emploi / Soutien aux personnes vulnérables,lannexe@compagnonsdemontreal.com,438 380-5482,https://compagnonsdemontreal.com/,Grand Montréal
annexe rosalie-jetté (l'),"École spécialisée du Centre de services scolaire de Montréal permettant aux jeunes filles enceintes ou aux jeunes mères de poursuivre leurs études. Programme de 1er et 2e cycle, de cheminement particu...",Développement enfants et familles / Éducation et formation,rjette@cssdm.gouv.qc.ca,514 596-4240,rosalie-jette.cssdm.gouv.qc.ca,Grand Montréal
approche sécurisante des polytoxicomanes anonymes,"Démarche de réhabilitation communautaire à temps plein en centre externe. Soutien individuel pour personnes polytoxicomanes. Soutien de groupe pour personnes polytoxicomanes d'une durée de 6 semaines,...",Soutien aux personnes vulnérables / Santé,info@centreaspa.com,514 529-0641,www.centreaspa.com,Grand Montréal
archipel de l'avenir (l'),Ateliers de préparation à la vie autonome en appartement. Ateliers d'initiation à la cuisine. Activités de loisirs et d'insertion sociale. Café-rencontres pour les parents. Accès à des logements subve...,Soutien aux personnes vulnérables / Développement communautaire,info@larchipeldelavenir.org,438 497-2724,www.larchipeldelavenir.org,Grand Montréal
armée du salut - abri d'espoir (l') - logements de transition,"Logements de transition pour femmes. Hébergement à court, moyen et long terme: jusqu'à 24 mois avec repas fournis. Intervention psychosociale individuelle avec suivi. Salles communes, buander",Soutien aux personnes vulnérables / Logement,abriespoir.info@salvationarmy.ca,514 934-5615,salvationarmy.ca/fr,Grand Montréal
armée du salut - centre booth,Centre administratif. Programmes d'hébergement de transition. Soutien pour l'obtention de la carte d'assurance-maladie pour les personnes en situation d'itinérance qui fréquentent l'organisme et dont ...,Soutien aux personnes vulnérables / Logement,mtlbooth@armeedusalut.ca,514 601-4799,centreboothmontreal.ca,Grand Montréal
arrimage (l'),Intégration et maintien en emploi pour personnes vivant avec un trouble de santé mentale. Accueil et évaluation. Information et conseil sur le marché du travail. Placement et intégration en entreprise...,Emploi / Santé,infos.mtl@larrimage.ca,514 389-9393,www.larrimage.ca,Grand Montréal
assistance humanitaire et communautaire multiforme,"Programme Integrana pour personnes nouvellement arrivées: accompagnement et orientation, aide à la recherche d'emploi. Programmes humanitaires en Afrique. Clinique d'impôts.",Autres missions sociales / Emploi,clientsashucom@gmail.com,514 608-6317,www.ashucom.org,Grand Montréal
association canadienne pour la santé mentale - filiale de montréal,"Promotion et prévention en santé mentale. Information et sensibilisation. Conférence La santé mental démystifiée: conférences interactives offertes dans vos milieux de vie (travail, cent",Santé / Éducation et formation,info@acsmmontreal.qc.ca,514 521-4993,acsmmontreal.qc.ca,Grand Montréal
association canado-péruvienne,"Aide à l'intégration pour personnes nouvellement arrivées. Assermentation de documents. Orientation professionnelle. Information et développement économique entre le Pérou et le Québec: réseautage, at...",Autres missions sociales / Emploi,apc.peru@yahoo.com,514 554-1272,apc-canada.com,Grand Montréal
association d'entraide le chaînon,"Maison d'hébergement temporaire. Écoute et référence, hébergement, soutien à l'orientation des démarches, relation d'aide. Types d'hébergement temporaire: service d'hébergement d'urgence (3 nuits), un...",Soutien aux personnes vulnérables / Logement,secretariat@lechainon.org,514 845-0151,lechainon.org,Grand Montréal
association de la communauté noire de côte-des-neiges,"Soutien et activités pour la communauté noire anglophone. Information, référence.? Paniers de nourriture. Activités sportives pour adolescent·e·s, adultes et personnes aînées. Activités et ateliers s",Développement communautaire / Bien Etre Alimentaire,info@cdnbca.org,514 737-8321,cdnbca.org,Grand Montréal
association de montréal pour la déficience intellectuelle,"Accueil, suivi et références. Sorties familiales. Soutien à la famille. Conférences et causeries. Intégration et participation sociale via des activités adaptées. Séjours et sorties extérieures.",Santé / Soutien aux personnes vulnérables,info@amdi.info,514 381-2300,amdi.info,Grand Montréal
association des conseillers en hébergement pour aînés du québec,"Accompagnement pour trouver un hébergement au privé pour personnes aînées autonomes. Rencontre individuelle à domicile, à l'hôpital ou en centre de réadaptation pour l'évaluation des besoin",Santé,rene@horizondubelage.com,514 949-7234,achq.quebec/fr/achq-accueil,Grand Montréal
association du québec pour enfants avec problèmes auditifs - montréal régional,"Information générale sur la surdité, sensibilisation, références. Soutien et écoute téléphonique. Programme de stimulation par le jeu pour les enfants. Aide aux devoirs et s",Santé / Développement enfants et familles,info@aqepamtl.org,514 842-3926,aqepa.org/aqepa-montreal-regional,Grand Montréal
association dysphasie +,"Conférences pour parents. Groupes d'entraide et d'échange entre parents, ateliers thématiques. Formation pour parents et intervenant·e·s. Accompagnement et soutien. Ateliers de stimulation pour enfant...",Santé / Développement enfants et familles,info@dysphasieplus.com,1 855 937-3670,dysphasieplus.com,Grand Montréal
association défi-lles et des ailes,"Accompagnement socioculturel pour adolescentes immigrantes et leur famille. Écoute, soutien et accompagnement interculturel. Médiation familiale. Aide dans les dossiers avec la Directeur de la protect...",Développement enfants et familles / Soutien aux personnes vulnérables,defillesetdesailes@gmail.com,514 546-9224,defillesetdesailes.ca,Grand Montréal
association panda-mrc les moulins,Outils et information sur le déficit d'attention avec ou sans hyperactivité (TDA/TDAH). Ateliers de développement des habiletés sociales pour les 6 à 11 ans. Ateliers pour adolescents en milieu scolai...,Santé / Développement enfants et familles,info@pandamrclesmoulins.org,1 833 740-8324,www.associationpandalanaudiere.org,Grand Montréal
association pour la défense des droits sociaux du montréal métropolitain,Information sur les droits et obligations en rapport avec l'aide sociale. Aide dans les démarches. Clinique d'impôts. Fête de Noël pour les membres.,Défense des droits / Soutien aux personnes vulnérables,info@addsmm.org,514 523-0707,addsmm.org,Grand Montréal
association pour la défense des droits sociaux du montréal métropolitain - clinique d'impôts,"Clinique d'impôts à l'année, sur rendez-vous.",Défense des droits / Soutien aux personnes vulnérables,addsmm2013@gmail.com,514 523-0707,addsmm.org/clinique-dimpot,Grand Montréal
association québécoise des traumatisés crâniens - région de montréal,"Intégration sociale. Activités de loisirs. Intervention psychosociale: rencontres individuelles ou familiales, ateliers. Groupes de soutien. Soutien aux proches: répit, rencontres, at",Santé / Soutien aux personnes vulnérables,aqtc@aqtc.ca,514 274-7447,www.aqtc.ca,Grand Montréal
atelier (l'),"Formation en métiers d'art et en employabilité. Programme PAAS-Action: insertion sociale, développement des habiletés sociales, par l'apprentissage d'un métier d'art. Programme Transart vers l'emploi:...",Emploi / Santé,coordo@atelierobnl.com,514 844-6458,atelierobnl.com,Grand Montréal
atelier industriel saint-jean,"Entreprise d'insertion professionnelle pour personnes en situation de handicap. Échantillonnage, emballage, embouteillage, ensachage, scellage, etc.",Emploi / Soutien aux personnes vulnérables,info@atelierindustriel.ca,450 347-2616,atelierindustriel.ca,Grand Montréal
atelier jem,"Atelier de travail à temps partiel ou à temps plein adapté aux besoins et aux habiletés. Emballage et assemblage, fonctionnement léger de machine, étiquetage et triage, sous supervision. Consultation ...",Emploi / Santé,info@jemworkshop.org,514 735-4217,www.jemworkshop.org/fr,Grand Montréal
atelier la flèche de fer (l') - affi,"Entreprise adaptée favorisant l'emploi de personnes vivant avec un handicap. Activités de logistique à valeur ajoutée: préparation de commandes, assemblage, emballage, distribution, entreposage, inspe...",Emploi / Soutien aux personnes vulnérables,info@groupeaffi.ca,450 552-9150,groupeaffi.ca,Grand Montréal
ateliers d'antoine,"Entreprise d'insertion. Formation rémunérée en ébénisterie. Suivi individuel, suivi en recherche d'emploi et en emploi. Fabrication de produits horticoles et de mobilier urbain.",Emploi / Éducation et formation,ventes@lesateliersdantoine.com,514 256-5557,ateliersdantoine.com,Grand Montréal
auberge communautaire du sud-ouest,"Hébergement: soutien individuel et collectif, gîte et couvert, séjour maximum d'un an. Envol: appartements abordables avec soutien communautaire. Le Tremplin: appartements supervisés avec suivi indivi...",Soutien aux personnes vulnérables / Logement,lauberge@laubergecommunautaire.org,514 768-4774,laubergecommunautaire.org,Grand Montréal
aumônerie communautaire de montréal,"Écoute, soutien et accompagnement pour les hommes ex-détenus. Centre de jour pour ex-détenus: 2857-A, rue de Bruxelles, Montréal, H1L 6A6. Réinsertion sociale et familiale. Référence.",Soutien aux personnes vulnérables / Défense des droits,acmontreal@hotmail.com,514-978-8881,www.aumoneriecommtl.org,Grand Montréal
avenue hébergement communautaire (l'),Hébergement pour jeunes adultes en difficulté. Information et référence. Maison d'hébergement de transition d'une durée maximale de 6 mois. Petites Avenues: logements transitoires en colocation. Pigno...,Soutien aux personnes vulnérables / Logement,maison@lavenuehc.org,514 254-2244,www.lavenuehc.org,Grand Montréal
barreau du québec,Ordre professionnel des avocat·e·s du Québec. Réception des plaintes: www.barreau.qc.ca/fr/grand-public/porter-plainte/comment-porter-plainte-avocat Bottin des avocat·e·s en ligne: www.barreau.qc.ca/f...,Défense des droits / Autres missions sociales,infobarreau@barreau.qc.ca,1 844 954-3411,www.barreau.qc.ca/fr,Grand Montréal
bon pilote (le),Amélioration des conditions de vie des personnes vivant avec une déficience visuelle ou en perte de mobilité. Service de guide et d'accompagnement sans voiture. Appels de soutien et visites d'amitié. ...,Santé / Soutien aux personnes vulnérables,info@lebonpilote.org,514 593-5454,lebonpilote.org,Grand Montréal
"bouclier d'athéna (le), services familiaux","Intervention, sensibilisation et prévention de la violence conjugale et familiale avec une approche culturellement et linguistiquement adaptée pour les communautés ethnoculturelles. Consultation indiv...",Soutien aux personnes vulnérables / Développement enfants et familles,comptabilite@bouclierdathena.com,1 877 274-8117,bouclierdathena.com/fr,Grand Montréal
boulot vers... (le),"Entreprise d'insertion sociale. Stage de formation rémunéré de 4 à 6 mois, carte Opus gratuite durant le stage au besoin. Formation socioprofessionnelle personnalisée. Orientation scolaire et professi...",Emploi / Éducation et formation,info@boulotvers.org,514 259-2312,boulotvers.org,Grand Montréal
bureau d'aide juridique - droit de l'immigration - montréal,"Bureau d'aide juridique en droit de l'immigration. Consultation téléphonique avec un·e avocat·e, accessible 24 heures, 7 jours, lors d'une arrestation ou en cas de détention.",Défense des droits / Autres missions sociales,baj.immigration@ccjm.qc.ca,1 800 842-2213,www.aidejuridiquedemontreal.ca,Grand Montréal
bureau de la communauté haïtienne de montréal,Accueil et soutien pour familles vulnérables visant leur réussite sociale.Soutien à la famille Option protection : Partenariat avec la DPJ. Programme d'enrichissement de l'expérience parentale : Ma fa...,Développement enfants et familles / Soutien aux personnes vulnérables,info@bchm.ca,514 725-9508,www.bchm.ca,Grand Montréal
café de la maison ronde,"Accompagnement des personnes autochtones de 18 ans et plus en situation de vulnérabilité économique et sociale vers la citoyenneté entière. Volet 1, programme de travail alternatif à la journée: 1 qua...",Soutien aux personnes vulnérables / Développement communautaire,marilou.maisonneuve@itineraire.ca,514 872-9465,www.itineraire.ca/programme-maison-ronde,Grand Montréal
café l'itinéraire,"Lieu de rencontre et d'échange. Référence. Repas pour camelots et membres seulement. Récupération de dons sur place: bas chauds, mitaines et gants, tuques, chauffes mains, foulard, bottes chaudes, col...",Soutien aux personnes vulnérables / Bien Etre Alimentaire,courrier@itineraire.ca,514 597-0238,www.itineraire.ca,Grand Montréal
cansupport des cèdres,Programmes et services offrant du soutien additionnel pour aider à composer avec le cancer et le traitement. Ateliers et groupes de soutien. Atelier d'écriture créative. Art-thérapie Ateliers pour fem...,Santé / Soutien aux personnes vulnérables,cedarscansupport@muhc.mcgill.ca,514 934-1934 poste 31666,cansupport.ca/fr,Grand Montréal
carrefour de liaison et d'aide multiethnique,"Accueil et soutien Accueil et aide à l'établissement des personnes nouvellement arrivées. Information et référence. Soutien dans les démarches administratives, la réunification familiale, la demande d...",Autres missions sociales / Soutien aux personnes vulnérables,info@leclam.ca,514 271-8207,www.leclam.ca,Grand Montréal
carrefour des femmes de saint-léonard,"Accueil, écoute et relation d'aide. Référence, information et documentation. Cours, ateliers et conférences. Activités spéciales. Groupes de soutien thérapeutique hebdomadaires ouverts pour femmes aya...",Soutien aux personnes vulnérables / Santé,cfsl@bellnet.ca,514 325-4910,cfsl-femmes.com,Grand Montréal
centre africain de développement et d'entraide,Dons de petits électroménagers. Information et références. Aide pour remplir les formulaires et accompagnement dans les services gouvernementaux. Aide aux devoirs dans les écoles primaires. Programme ...,Autres missions sociales / Éducation et formation,centreafricaindeveloppement@gmail.com,514 528-6032,,Grand Montréal
centre alpha-sourd,"Ateliers d'alphabétisation pour personnes sourdes, sourdes-usher et sourdes-aveugles. Cours de français en lecture et écriture. Cours de mathématiques. Cours d'informatique. Cuisine communautaire. Act...",Éducation et formation / Soutien aux personnes vulnérables,info@casourd.org,514 278-5334,www.casourd.org/alpha-sourd-montreal,Grand Montréal
centre au puits,Projets d'autonomisation. Ateliers divers favorisant le développement d'habiletés sociales et l'acquisition de compétences variées. Sorties socioculturelles. Activités spéciales.,Soutien aux personnes vulnérables,info@centreaupuits.org,514 843-5004,www.centreaupuits.org,Grand Montréal
centre communautaire congolais des aînés,"Activités récréatives, éducatives et culturelles. Repas communautaires. Cafés-rencontres. Soutien et entraide à domicile pour les personnes malades et soutien en cas de deuil. Aide et visites aux aîné...",Santé / Développement communautaire,centre.aines@videotron.ca,514 597-2882,,Grand Montréal
centre communautaire des femmes sud-asiatiques,Centre de jour pour les femmes. Consultation et accompagnement. Information et référence. Traduction et interprétariat. Cours de français et d'anglais.,Soutien aux personnes vulnérables / Autres missions sociales,sawcc@sawcc-ccfsa.ca,514 528-8812,www.sawcc-ccfsa.ca/FR,Grand Montréal
centre communautaire juridique de montréal,"Services d'aide juridique par des avocats en droit familial, droit criminel et pénal, droit de la jeunesse, immigration, droit civil, administratif (aide sociale, SAAQ, CSST), pension alimentaire, dro...",Défense des droits / Soutien aux personnes vulnérables,aidejuridiquemtl@ccjm.qc.ca,1 800 842-2213,www.aidejuridiquedemontreal.ca,Grand Montréal
centre communautaire lgbtq+ de montréal,"Lieu commun où se regroupent des organismes et des personnes dédiés à l'amélioration des conditions de vie par le biais de l'éducation, l'information et la recherche. Domaines: santé et services socia...",Défense des droits / Santé,info@cclgbtqplus.org,514 528-8424,ccglm.org,Grand Montréal
centre communautaire mada,Banque alimentaire. Cafétéria. Banque de meubles et de vêtements. Soutien familial et individuel. Programmes sociaux et éducatifs. Repas à partager: boîte-repas livrée à domicile (nourriture cachère)....,Bien Etre Alimentaire / Soutien aux personnes vulnérables,mada@madacenter.com,514 342-4969,www.madacentre.com/fr,Grand Montréal
centre culturel canadien-bulgare zornica,"Immigration Accueil et accompagnement pour personnes nouvellement arrivées. Traduction en bulgare, anglais, français. Cours de langue: français, anglais, bulgare.Logement Aide à la recherche de logeme...",Autres missions sociales / Éducation et formation,zornica.info@gmail.com,514 629-6951,www.zornitsa.ca/fr,Grand Montréal
centre culturel des canadiens japonais de montréal,Centre communautaire pour les Nippo-Canadien·ne·s avec services aux personnes aînées et aux nouveaux·elles arrivant·e·s. Information et références. Visites à domicile et à l'hôpital et appels téléphon...,Autres missions sociales / Santé,centrejaponais@bellnet.ca,514 728-1996,www.jcccm-cccjm.ca/?language=fr,Grand Montréal
centre d'accueil et de référence sociale et économique pour immigrants de saint-laurent,"Immigration Accueil, référence, information et orientation. Assermentation. Aide technique dans les démarches et aide pour remplir les formulaires. Aide à la recherc",Autres missions sociales,info@cari.qc.ca,514 748-2007,cari.qc.ca,Grand Montréal
centre d'action socio-communautaire de montréal,"Accueil, information, orientation sociale et défense des droits. Activités socioculturelles pour personnes aînées. Établissement et intégration des personnes nouvellement arrivées. Séances d'informati...",Défense des droits / Autres missions sociales,accueil@cascmontreal.ca,514 842-8045,cascmontreal.ca,Grand Montréal
centre d'aide aux familles latino-américaines,Services psychosociaux et communautaires. Programme de périnatalité pour femmes immigrantes précaires. Petite enfance: accompagnement pour parents qui ont des enfants de 0 à 5 ans. Alliance: accompagn...,Développement enfants et familles / Soutien aux personnes vulnérables,info@cafla.ca,514 273-8061,cafla.ca,Grand Montréal
centre d'encadrement pour jeunes femmes immigrantes,"Informations et références. Formations: petite enfance, multimédia, informatique, codage numérique, lancement d'entreprises, IA et suivi entrepreneurial. Cours de langues: français, anglais. Orientati",Autres missions sociales / Éducation et formation,contact@cejfi.org,514 744-2252,www.cejfi.org,Grand Montréal
centre d'hébergement la traverse,"Centre d'hébergement pour les personnes nouvelles arrivantes demandeuses d'asile. Écoute et soutien. Commodités incluses: repas, cuisine communautaire, salle de lavage, accès à Internet, vêtements. Se...",Soutien aux personnes vulnérables / Logement,latraverse@mail.com,514 382-4999,www.centreslatraverse.org,Grand Montréal
centre d'information pour espagnols,"Dépannage alimentaire et matériel. Information et référence. Cours divers: informatique, broderie et artisanat. Activités de groupe: sorties et voyages. Cafés-rencontres. Paniers de Noël pour personne...",Autres missions sociales / Bien Etre Alimentaire,adm.msta@gmail.com,514 843-4113,www.misionsantateresadeavila.org,Grand Montréal
centre d'intégration scolaire,"Externat de niveaux primaire et secondaire pour jeunes avec des problèmes d'adaptation sociale et affective. Enseignement individualisé. Activités de rééducation. Équipe en orthopédagogie, enseignant·...",Éducation et formation / Santé,centre.dintegration.scolaire@gmail.com,514 374-8490,,Grand Montréal
centre d'orientation des nouveaux arrivants et immigrants de montréal,Accueil et références. Consultation individuelle. Certification de documents. Préparation à l'examen de citoyenneté. Employabilité: aide à la rédaction de CV et de lettres de présent,Autres missions sociales / Emploi,conamc6@hotmail.ca,514 733-0738,www.conam.sitew.ca,Grand Montréal
centre d'orientation et de prévention d'alcoolisme et toxicomanie latino-américain,"Sessions d'information sur l'alcoolisme, la toxicomanie, la dépendance (avec ou sans substance) et la violence. Orientation, références et intervention. Intervention psy",Soutien aux personnes vulnérables / Santé,copatla1989@gmail.com,514 948-6188,,Grand Montréal
centre d'orientation paralégale et sociale pour immigrants,Banque alimentaire et dépannage alimentaire. Repas hebdomadaire à prix modique. Consultation paralégale et sociale pour personnes immigrantes et personnes demandeuses d'asile. Services pour per,Soutien aux personnes vulnérables / Bien Etre Alimentaire,directrice@copsi.ca,438 531-6976,www.copsi.ca,Grand Montréal
centre d'écoute et d'intervention face à face,"Écoute active et soutien au téléphone et en personne. Consultation individuelle. Information et distribution de chèques de l'aide sociale. Information sur la recherche de logement, l'habitation à loye...",Soutien aux personnes vulnérables / Logement,info@faceafacemontreal.org,514 934-4546,faceafacemontreal.org/fr,Grand Montréal
centre d'écoute et de référence halte ami,"Service d'écoute, de référence, d'accueil et d'aide à l'intégration aux immigrants. Écoute anonyme et confidentielle en personne ou par téléphone. Activités de prévention psychosociale et de sensibili...",Autres missions sociales / Soutien aux personnes vulnérables,centre_ecoute@halte-ami.ca,438 796-8701,halte-ami.ca,Grand Montréal
centre d'écoute et de référence multi-écoute,Écoute confidentielle et anonyme par téléphone ou en personne. Suivi psychosocial à court ou moyen terme offert dans la langue maternelle de la personne ayant besoin de suivi. Information et référence...,Soutien aux personnes vulnérables / Autres missions sociales,direction@multiecoute.org,514 378-3430,multiecoute.org,Grand Montréal
centre d'éducation des adultes de lasalle - édifice boileau,"Centre d'éducation pour adultes. Programme de participation sociale: développement de compétences de communication, coopération, agir avec méthode, créativité, sens critique, prendre soin de so",Éducation et formation / Santé,info.boileau@csmb.qc.ca,514 855-4500 poste 1305,lasalle.centrecsmb.com,Grand Montréal
centre de bien-être de l'ouest-de-l'île pour personnes atteintes de cancer,"Aide à la santé et au bien-être des personnes vivant avec le cancer en répondant à leurs besoins physiques, spirituels, émotionnels, informationnels, sociaux, systémiques et prat",Santé / Soutien aux personnes vulnérables,info@wicwc.org,514 695-9355,wicwc.com/fr,Grand Montréal
centre de bien-être l'espoir c'est la vie,"Groupes d'entraide en français et en anglais pour personnes ayant un cancer, personnes proches aidantes et personnes vivant un deuil relié au cancer. Jumelage et soutien par des bénévoles. Activités e...",Santé / Soutien aux personnes vulnérables,hopecope@jgh.mcgill.ca,514 340-3616,hopeandcope.ca/fr/?lang=fr,Grand Montréal
centre de jour st-james,"Centre de jour: lieu de socialisation, accès à une ligne téléphonique, activités ludiques et artistiques. Service d'échange de vêtements, douche et repas. Services psychosociaux, accompagnement dans l...",Soutien aux personnes vulnérables / Santé,info@stjamescentre.ca,514 288-0039,stjamescentre.ca/fr,Grand Montréal
centre de la communauté sourde du montréal métropolitain,"Interprétation en ASL (American Sign Language) et voix. Information pour personnes sourdes, majoritairement peu scolarisées et sans emploi. Défense des droits et intérêts. Aide à la communication",Défense des droits / Soutien aux personnes vulnérables,service@ccsmm.org,514 903-2200,,Grand Montréal
centre de lutte contre l'oppression des genres,"Promotion de l'égalité entre les genres et de l'autonomisation au sein des communautés marginalisées. Information, ressources, et recommendations axé sur des organismes 2SLGBTQ+. Distribution de matér...",Défense des droits / Soutien aux personnes vulnérables,info@genderadvocacy.org,514 848-2424 poste 7431,genderadvocacy.org/fr/accueil,Grand Montréal
centre de main-d'oeuvre opex'82,Service spécialisé de main-d'oeuvre visant la réinsertion au marché du travail de personnes judiciarisées. Orientation d'emploi. Ateliers de formation. Exploration et connaissance de soi. Formation pr...,Emploi / Soutien aux personnes vulnérables,opex82montreal@viatravail.ca,514 381-7276,www.viatravail.ca,Grand Montréal
centre de prévention des agressions de montréal,Prévention des abus. Ateliers d'information et de référence. Cours d'autodéfense pour adolescentes. Cours d'autodéfense pour femmes. Programme de préventions des agressions pour les enfants (CAP/ESPAC...,Soutien aux personnes vulnérables / Développement enfants et familles,centre@cpamapc.org,514 284-1212,www.cpamapc.org/fr,Grand Montréal
centre de psychologie gouin,Thérapie familiale et individuelle. Thérapie par le jeu. Thérapie de groupe. Clinique de la petite enfance et de l'attachement pour 0 à 5 ans: dépistage de diverses problématiques. Clinique de l'enfan...,Santé / Développement enfants et familles,admin-cpg@cpgouin.ca,514 331-5530,www.cpgouin.ca,Grand Montréal
centre de recherche et d'études sur le vieillissement de l'université mcgill,"Centre de recherches en neurologie et gérontologie. Clinique d'Alzheimer et maladies cognitives: évaluation du risque, diagnostic précoce, traitement, suivi et référence. Group",Santé,info.mcsa@mcgill.ca,514 766-2010,mcsa.ca,Grand Montréal
centre de ressources en employabilité montréal centre-ville,Club de recherche d'emploi. Orientation professionnelle. Ateliers transversaux pour la recherche d'emploi. Ateliers spécialisés pour les personnes nouvellement immigrantes. Aide à la rédaction,Emploi / Autres missions sociales,cremcv@cremcv.com,514 286-9595,www.cremcv.com,Grand Montréal
centre de ressources et de grossesse options,"Soins et soutien aux jeunes et familles aux prises avec une grossesse imprévue.Assistance matérielle Test de grossesse gratuit. Boutique ARK: vêtements et couches pour enfants de 0 à 5 ans, vêtements ...",Développement enfants et familles / Soutien aux personnes vulnérables,options@jslmontreal.org,450 699-4357,www.centreoptions.org/indexfr1,Grand Montréal
centre de ressources pour hommes de montréal,"Accueil, analyse et orientation. Service d'intervention psychosociale individuelle. Cafés-rencontres: groupes d'entraide. Groupes thématiques: gestion de la colère, gestion du stress, bilan de vie et ...",Soutien aux personnes vulnérables / Santé,info@crhmontreal.ca,1 833 673-2746,www.crhmontreal.ca,Grand Montréal
centre de ressources pour les familles de militaires - région de montréal - garnison de montréal,Soutien aux familles de militaires. Services administratifs. Services psychosociaux sur rendez-vous au besoin.,Soutien aux personnes vulnérables / Santé,info.crfm@forces.gc.ca,514 252-2777 poste 4984,crfmmfrcmtl.ca,Grand Montréal
centre de ressources pour les patients du neuro,"Bibliothèque spécialisée, prêt et consultation sur place. Aide à la recherche et référence, en personne ou au téléphone. Base de données en ligne. Production de documentation informative.",Santé,infoneuro@muhc.mcgill.ca,514 398-5358,www.mcgill.ca/infoneuro/fr,Grand Montréal
centre de référence du grand montréal,"211: service téléphonique et de clavardage, répertoire en ligne pour guider les citoyen·n·e·s vers les ressources sociocommunautaires et publiques pouvant répondre à leurs besoins. Drogue: aide et réf...",Soutien aux personnes vulnérables / Développement communautaire,crgm@info-reference.qc.ca,514 527-1388,crgm.ca,Grand Montréal
centre de rêves et espoirs,Services principalement anglophones de soutien au développement thérapeutique et récréatif. Orthophonie et ergothérapie. Répit de fin de semaine. Programme éducation pour jeunes anglophones ayant des ...,Santé / Développement enfants et familles,admincdh@centreofdreamsandhopes.org,514 327-6667 poste 200,centreofdreamsandhopes.org/fr,Grand Montréal
centre de service en emploi et formation de montréal,Développement de l'emploi des personnes autochtones. Aide à la recherche d'emploi. Intégration professionnelle. Financement des études professionnelles et éducations aux adultes.,Emploi / Éducation et formation,sdrhpnm@cdrhpnq.qc.ca,514 283-0901,www.cdrhpnq-fnhrdcq.ca,Grand Montréal
centre de services de justice réparatrice,Services de rencontres de justice réparatrice pour personnes victimes et personnes contrevenantes en crime apparenté. Ateliers thématiques dans une approche de justice réparatrice. Atelier Guérison de...,Défense des droits / Soutien aux personnes vulnérables,csjr@csjr.org,1 833 320-2757,csjr.org/fr,Grand Montréal
centre des femmes afghanes de montréal,"Regroupement de femmes afghanes visant l'autonomisation de femmes immigrantes socialement isolées. Programmes adaptés, ateliers de développement personnel et promotion de projets d'équipes. Cours: ang...",Soutien aux personnes vulnérables / Développement communautaire,info@awcm.ca,514 321-2194,www.awcm.ca/?lang=fr,Grand Montréal
centre des femmes de montréal,Alimentation Aide alimentaire. Cuisines collectives. Paniers de Noël pour les participantes.Emploi Programmes d'aide à l'emploi en français et en anglais.Immigration Aide à l'installation et à l'intég...,Soutien aux personnes vulnérables / Bien Etre Alimentaire,cfmwcm@centredesfemmesdemtl.org,514 842-4780,centredesfemmesdemtl.org,Grand Montréal
centre des femmes du plateau mont-royal,"Accueil, écoute et référence. Ateliers de formation. Rencontres d'information. Activités spéciales. Intégration socioprofessionnelle et accompagnement vers l'emploi.",Défense des droits / Emploi,info@cfemmesplateau.org,514 527-2295,cfemmesplateau.org,Grand Montréal
centre des femmes dynamiques de laval,"Lieu de rencontre, de référence et de soutien. Activités communautaires et éducatives. Conférences. Écoute et information. Activités physiques. Ateliers de prévention en santé globale. Dîners communau...",Santé / Développement communautaire,femmedynamique@live.ca,450 661-5409,,Grand Montréal
centre des travailleurs et travailleuses immigrants,Défense des droits. Information et références. Éducation sur les droits des travailleurs par l'entremise de campagnes de sensibilisation visant particulièrement les travailleur·euse·s temporaires et c...,Défense des droits / Éducation et formation,info@iwc-cti.ca,514 342-2111,iwc-cti.ca/fr,Grand Montréal
centre haïtien d'action familiale,Information et référence. Programme Y'a personne de parfait et groupe de soutien mensuel ouvert visant les nouveaux parents immigrants. Soutien pour personnes demandeuses d'asile: accompagnement dans ...,Développement enfants et familles / Soutien aux personnes vulnérables,chafquebec@yahoo.ca,514 729-8834,,Grand Montréal
